{"song1":{"0":0.0202497448772192,"1":0.020185502246022224,"2":0.021545374765992165,"3":0.020212825387716293,"4":0.020146934315562248,"5":0.01989024318754673,"6":0.02224637381732464,"7":0.02044789306819439,"8":0.021385103464126587,"9":0.020733317360281944,"10":0.021175727248191833,"11":0.02030269242823124,"12":0.01992720179259777,"13":0.018797488883137703,"14":0.020232105627655983,"15":0.02060777321457863,"16":0.020311599597334862,"17":0.021050401031970978,"18":0.022030338644981384,"19":0.020092487335205078,"20":0.021006405353546143,"21":0.020877977833151817,"22":0.019667578861117363,"23":0.020038504153490067,"24":0.0205018799751997,"25":0.020401449874043465,"26":0.020635277032852173,"27":0.019343877211213112,"28":0.020001882687211037,"29":0.020178690552711487,"30":0.0196506530046463,"31":0.020357539877295494,"32":0.020023975521326065,"33":0.020398827269673347,"34":0.020719923079013824,"35":0.02007937990128994,"36":0.020089291036128998,"37":0.021214401349425316,"38":0.020311778411269188,"39":0.020360037684440613,"40":0.020564064383506775,"41":0.020312733948230743,"42":0.020926030352711678,"43":0.020887034013867378,"44":0.019832273945212364,"45":0.020183933898806572,"46":0.020842792466282845,"47":0.019435623660683632,"48":0.019585050642490387}}