{"song1":{"0":0.01996707357466221,"1":0.02091478742659092,"2":0.02187255583703518,"3":0.019820012152194977,"4":0.02015664242208004,"5":0.019982781261205673,"6":0.021816378459334373,"7":0.020704178139567375,"8":0.021760599687695503,"9":0.02045309543609619,"10":0.02018379420042038,"11":0.020656811073422432,"12":0.01999993994832039,"13":0.01948646642267704,"14":0.020403027534484863,"15":0.020237408578395844,"16":0.020063167437911034,"17":0.020947419106960297,"18":0.020955890417099,"19":0.02059616707265377,"20":0.020628273487091064,"21":0.021344631910324097,"22":0.020454073324799538,"23":0.020620323717594147,"24":0.02003149688243866,"25":0.02093813382089138,"26":0.02044719271361828,"27":0.020517786964774132,"28":0.019673151895403862,"29":0.019897842779755592,"30":0.01909399963915348,"31":0.02085207961499691,"32":0.02030208706855774,"33":0.019972654059529305,"34":0.019855177029967308,"35":0.02061469666659832,"36":0.020017065107822418,"37":0.01990697532892227,"38":0.020347530022263527,"39":0.020062342286109924,"40":0.019812067970633507,"41":0.020683737471699715,"42":0.021090054884552956,"43":0.020330684259533882,"44":0.02005974017083645,"45":0.020067542791366577,"46":0.0210553165525198,"47":0.020103788003325462,"48":0.020241301506757736}}